data_source,cv_r2,cv_rmse,test_r2,test_rmse,n_features
kc_house_data_xgboost_features.csv,0.8979178754122001,117163.62775258397,0.9082304035846832,111683.13287785323,28
